Workbook
Name L_Typ: Listen!$A$4:$A$8
Name L_Wartung: Listen!$B$4:$B$16
Name L_Status: Listen!$C$4:$C$7
Name L_Kosten: Listen!$D$4:$D$11
Name L_Kraft: Listen!$E$4:$E$9
Name F_Kennz: Fahrzeuge!$A$4:$A$200
Name F_KM: Fahrzeuge!$J$4:$J$200
Name F_Tabelle: Fahrzeuge!$A$4:$O$200
Name H_Kennz: Wartungshistorie!$B$4:$B$500
Name H_Kat: Wartungshistorie!$E$4:$E$500
Name H_Kosten: Wartungshistorie!$I$4:$I$500
Name H_Datum: Wartungshistorie!$A$4:$A$500

Sheet Anleitung
A1: 🚚 FUHRPARK- & WARTUNGSMANAGER
A2: Professionelle Verwaltung von PKW-, Transporter- und LKW-Flotten
B4: 📋 So funktioniert die Datei
B5: Diese Arbeitsmappe verwaltet Ihren kompletten Fuhrpark – egal ob 3 oder 300 Fahrzeuge. Alle Berechnungen, Erinnerungen und Kostenauswertungen laufen automatisch.
B7: Arbeitsblatt | C7: Wofür Sie es nutzen
B8: ① Dashboard | C8: Überblick auf einen Blick: Anzahl Fahrzeuge, fällige Wartungen, Gesamtkosten.
B9: ② Fahrzeuge | C9: Stammdaten jedes Fahrzeugs (Kennzeichen, Typ, km-Stand, TÜV …). HIER zuerst eintragen.
B10: ③ Wartungsplan | C10: Pro Fahrzeug die nächsten Wartungen. Ampel zeigt automatisch, was fällig ist.
B11: ④ Wartungshistorie | C11: Protokoll aller durchgeführten Arbeiten inkl. Werkstatt & Kosten.
B12: ⑤ Kostenübersicht | C12: Auswertung der Kosten je Fahrzeug, Kategorie und Monat.
B13: ⑥ Intervall-Vorlagen | C13: Empfohlene Wartungsintervalle als Nachschlagewerk.
B14: ⑦ Listen | C14: Auswahllisten für die Dropdown-Menüs (kann angepasst werden).
B16: 🟢🟡🔴 Ampel-System
B17: 🟢 OK | C17: Wartung liegt in der Zukunft – nichts zu tun.
B18: 🟡 Bald fällig | C18: Innerhalb der nächsten 30 Tage oder 1.000 km fällig – einplanen.
B19: 🔴 Überfällig | C19: Termin oder km-Grenze überschritten – sofort handeln!
B21: 💡 Tipps
B22: • Gelb/grau hinterlegte Felder enthalten Formeln – bitte nicht überschreiben.
B23: • Nur die weißen Eingabefelder ausfüllen; Dropdowns per Klick auf den Pfeil nutzen.
B24: • km-Stände regelmäßig im Blatt „Fahrzeuge“ aktualisieren – davon hängen die Erinnerungen ab.
B25: • Neue Zeilen einfach unter den Beispielen ergänzen; Formeln nach unten ziehen.
B27: Erstellt am | C27: 13.06.2026

Sheet Dashboard
A1: 📊 FUHRPARK-DASHBOARD
A2: Stand: heute • automatische Übersicht
B4: Fahrzeuge gesamt | E4: 🔴 Überfällige Wartungen
B5: =COUNTA(F_Kennz)-COUNTBLANK(F_Kennz) | E5: =COUNTIF(Wartungsplan!$M$4:$M$300,"*🔴*")
B7: 🟡 Bald fällige Wartungen | E7: 🟢 Wartungen OK
B8: =COUNTIF(Wartungsplan!$M$4:$M$300,"*🟡*") | E8: =COUNTIF(Wartungsplan!$M$4:$M$300,"*🟢*")
B10: TÜV/HU < 30 Tage | E10: Gesamtkosten (€)
B11: =COUNTIFS(Fahrzeuge!$M$4:$M$200,">="&TODAY(),Fahrzeuge!$M$4:$M$200,"<="&TODAY()+30) | E11: =SUM(H_Kosten)
B13: ➜ Details zu fälligen Wartungen im Blatt „Wartungsplan“ • Kosten im Blatt „Kostenübersicht“
B15: 🔔 Nächste/überfällige Wartungen (siehe „Wartungsplan“)
B16: Kennzeichen | C16: Wartungsart | D16: Nächste Wartung | E16: Rest-Tage | F16: Status
B17: =IF(Wartungsplan!A4="","",Wartungsplan!A4) | C17: =IF(Wartungsplan!C4="","",Wartungsplan!C4) | D17: =IF(Wartungsplan!I4="","",Wartungsplan!I4) | E17: =IF(Wartungsplan!J4="","",Wartungsplan!J4) | F17: =IF(Wartungsplan!M4="","",Wartungsplan!M4)
B18: =IF(Wartungsplan!A5="","",Wartungsplan!A5) | C18: =IF(Wartungsplan!C5="","",Wartungsplan!C5) | D18: =IF(Wartungsplan!I5="","",Wartungsplan!I5) | E18: =IF(Wartungsplan!J5="","",Wartungsplan!J5) | F18: =IF(Wartungsplan!M5="","",Wartungsplan!M5)
B19: =IF(Wartungsplan!A6="","",Wartungsplan!A6) | C19: =IF(Wartungsplan!C6="","",Wartungsplan!C6) | D19: =IF(Wartungsplan!I6="","",Wartungsplan!I6) | E19: =IF(Wartungsplan!J6="","",Wartungsplan!J6) | F19: =IF(Wartungsplan!M6="","",Wartungsplan!M6)
B20: =IF(Wartungsplan!A7="","",Wartungsplan!A7) | C20: =IF(Wartungsplan!C7="","",Wartungsplan!C7) | D20: =IF(Wartungsplan!I7="","",Wartungsplan!I7) | E20: =IF(Wartungsplan!J7="","",Wartungsplan!J7) | F20: =IF(Wartungsplan!M7="","",Wartungsplan!M7)
B21: =IF(Wartungsplan!A8="","",Wartungsplan!A8) | C21: =IF(Wartungsplan!C8="","",Wartungsplan!C8) | D21: =IF(Wartungsplan!I8="","",Wartungsplan!I8) | E21: =IF(Wartungsplan!J8="","",Wartungsplan!J8) | F21: =IF(Wartungsplan!M8="","",Wartungsplan!M8)
B22: =IF(Wartungsplan!A9="","",Wartungsplan!A9) | C22: =IF(Wartungsplan!C9="","",Wartungsplan!C9) | D22: =IF(Wartungsplan!I9="","",Wartungsplan!I9) | E22: =IF(Wartungsplan!J9="","",Wartungsplan!J9) | F22: =IF(Wartungsplan!M9="","",Wartungsplan!M9)
B23: =IF(Wartungsplan!A10="","",Wartungsplan!A10) | C23: =IF(Wartungsplan!C10="","",Wartungsplan!C10) | D23: =IF(Wartungsplan!I10="","",Wartungsplan!I10) | E23: =IF(Wartungsplan!J10="","",Wartungsplan!J10) | F23: =IF(Wartungsplan!M10="","",Wartungsplan!M10)
B24: =IF(Wartungsplan!A11="","",Wartungsplan!A11) | C24: =IF(Wartungsplan!C11="","",Wartungsplan!C11) | D24: =IF(Wartungsplan!I11="","",Wartungsplan!I11) | E24: =IF(Wartungsplan!J11="","",Wartungsplan!J11) | F24: =IF(Wartungsplan!M11="","",Wartungsplan!M11)
B25: =IF(Wartungsplan!A12="","",Wartungsplan!A12) | C25: =IF(Wartungsplan!C12="","",Wartungsplan!C12) | D25: =IF(Wartungsplan!I12="","",Wartungsplan!I12) | E25: =IF(Wartungsplan!J12="","",Wartungsplan!J12) | F25: =IF(Wartungsplan!M12="","",Wartungsplan!M12)
B26: =IF(Wartungsplan!A13="","",Wartungsplan!A13) | C26: =IF(Wartungsplan!C13="","",Wartungsplan!C13) | D26: =IF(Wartungsplan!I13="","",Wartungsplan!I13) | E26: =IF(Wartungsplan!J13="","",Wartungsplan!J13) | F26: =IF(Wartungsplan!M13="","",Wartungsplan!M13)

Sheet Fahrzeuge
A1: FAHRZEUG-STAMMDATEN
A2: Basis der gesamten Verwaltung – hier jedes Fahrzeug einmal anlegen.
A3: Kennzeichen | B3: Typ | C3: Marke | D3: Modell | E3: Baujahr | F3: Erstzulassung | G3: Kraftstoff | H3: VIN / Fahrgestellnr. | I3: Fahrer / Abteilung | J3: km-Stand aktuell | K3: Stand vom | L3: Ø km / Monat | M3: TÜV/HU bis | N3: Status | O3: Notiz
A4: B-AH 1001 | B4: PKW | C4: VW | D4: Passat Variant | E4: 2022 | F4: 44635 | G4: Diesel | H4: WVWZZZ3CZME000111 | I4: M. Keller / Vertrieb | J4: 68500 | K4: 46174 | L4: 1800 | M4: 46295 | N4: Aktiv
A5: B-AH 1002 | B5: PKW | C5: Skoda | D5: Octavia | E5: 2021 | F5: 44378 | G5: Benzin | H5: TMBJJ7NE0M0000222 | I5: Pool | J5: 54200 | K5: 46174 | L5: 1200 | M5: 46446 | N5: Aktiv
A6: B-AH 2050 | B6: Transporter | C6: Mercedes | D6: Sprinter 316 | E6: 2020 | F6: 43971 | G6: Diesel | H6: WDB9061331N000333 | I6: Logistik | J6: 142300 | K6: 46174 | L6: 3200 | M6: 46218 | N6: Aktiv | O6: Hochdach
A7: B-AH 2051 | B7: Transporter | C7: Ford | D7: Transit Custom | E7: 2023 | F7: 44936 | G7: Diesel | H7: WF0XXXTTGXN000444 | I7: Service-Team | J7: 39800 | K7: 46174 | L7: 2500 | M7: 46397 | N7: Aktiv
A8: B-AH 7800 | B8: LKW | C8: MAN | D8: TGX 18.470 | E8: 2019 | F8: 43713 | G8: Diesel | H8: WMA06XZZ0KM000555 | I8: Fernverkehr | J8: 520400 | K8: 46174 | L8: 9500 | M8: 46203 | N8: Aktiv | O8: SP & Tacho beachten
A9: B-AH 7801 | B9: LKW | C9: Volvo | D9: FH 460 | E9: 2021 | F9: 44304 | G9: Diesel | H9: YV2RT40A0MB000666 | I9: Fernverkehr | J9: 310750 | K9: 46174 | L9: 8800 | M9: 46346 | N9: Aktiv

Sheet Wartungsplan
A1: WARTUNGSPLAN & ERINNERUNGEN
A2: Ampel berechnet sich automatisch aus Datum und km-Stand (Blatt „Fahrzeuge“).
A3: Kennzeichen | B3: Fahrzeugtyp | C3: Wartungsart | D3: Letzte Wartung | E3: km bei Wartung | F3: Intervall (Mon.) | G3: Intervall (km) | H3: akt. km-Stand | I3: Nächste Wartung (Datum) | J3: Rest-Tage | K3: Nächste km-Grenze | L3: Rest-km | M3: STATUS | N3: Verantwortlich
A4: B-AH 1001 | B4: PKW | C4: Inspektion | D4: 45920 | E4: 52000 | F4: 12 | G4: 30000 | H4: =IFERROR(VLOOKUP(A4,F_Tabelle,10,FALSE),"") | I4: =IF(F4=0,"",EDATE(D4,F4)) | J4: =IF(I4="","",I4-TODAY()) | K4: =IF(G4=0,"",E4+G4) | L4: =IF(OR(K4="",H4=""),"",K4-H4) | M4: =IF(AND(J4="",L4=""),"",IF(OR(AND(J4<>"",J4<0),AND(L4<>"",L4<0)),"🔴 Überfällig",IF(OR(AND(J4<>"",J4<=30),AND(L4<>"",L4<=1000)),"🟡 Bald fällig","🟢 OK"))) | N4: Werkstatt Müller
A5: B-AH 1001 | B5: PKW | C5: HU/AU (TÜV) | D5: 45555 | E5: 48000 | F5: 24 | G5: 0 | H5: =IFERROR(VLOOKUP(A5,F_Tabelle,10,FALSE),"") | I5: =IF(F5=0,"",EDATE(D5,F5)) | J5: =IF(I5="","",I5-TODAY()) | K5: =IF(G5=0,"",E5+G5) | L5: =IF(OR(K5="",H5=""),"",K5-H5) | M5: =IF(AND(J5="",L5=""),"",IF(OR(AND(J5<>"",J5<0),AND(L5<>"",L5<0)),"🔴 Überfällig",IF(OR(AND(J5<>"",J5<=30),AND(L5<>"",L5<=1000)),"🟡 Bald fällig","🟢 OK"))) | N5: GTÜ
A6: B-AH 1002 | B6: PKW | C6: Ölwechsel | D6: 45992 | E6: 48000 | F6: 12 | G6: 15000 | H6: =IFERROR(VLOOKUP(A6,F_Tabelle,10,FALSE),"") | I6: =IF(F6=0,"",EDATE(D6,F6)) | J6: =IF(I6="","",I6-TODAY()) | K6: =IF(G6=0,"",E6+G6) | L6: =IF(OR(K6="",H6=""),"",K6-H6) | M6: =IF(AND(J6="",L6=""),"",IF(OR(AND(J6<>"",J6<0),AND(L6<>"",L6<0)),"🔴 Überfällig",IF(OR(AND(J6<>"",J6<=30),AND(L6<>"",L6<=1000)),"🟡 Bald fällig","🟢 OK"))) | N6: Werkstatt Müller
A7: B-AH 2050 | B7: Transporter | C7: Inspektion | D7: 45971 | E7: 130000 | F7: 12 | G7: 40000 | H7: =IFERROR(VLOOKUP(A7,F_Tabelle,10,FALSE),"") | I7: =IF(F7=0,"",EDATE(D7,F7)) | J7: =IF(I7="","",I7-TODAY()) | K7: =IF(G7=0,"",E7+G7) | L7: =IF(OR(K7="",H7=""),"",K7-H7) | M7: =IF(AND(J7="",L7=""),"",IF(OR(AND(J7<>"",J7<0),AND(L7<>"",L7<0)),"🔴 Überfällig",IF(OR(AND(J7<>"",J7<=30),AND(L7<>"",L7<=1000)),"🟡 Bald fällig","🟢 OK"))) | N7: MB-Service
A8: B-AH 2050 | B8: Transporter | C8: HU/AU (TÜV) | D8: 45853 | E8: 120000 | F8: 12 | G8: 0 | H8: =IFERROR(VLOOKUP(A8,F_Tabelle,10,FALSE),"") | I8: =IF(F8=0,"",EDATE(D8,F8)) | J8: =IF(I8="","",I8-TODAY()) | K8: =IF(G8=0,"",E8+G8) | L8: =IF(OR(K8="",H8=""),"",K8-H8) | M8: =IF(AND(J8="",L8=""),"",IF(OR(AND(J8<>"",J8<0),AND(L8<>"",L8<0)),"🔴 Überfällig",IF(OR(AND(J8<>"",J8<=30),AND(L8<>"",L8<=1000)),"🟡 Bald fällig","🟢 OK"))) | N8: DEKRA
A9: B-AH 2051 | B9: Transporter | C9: Bremsen | D9: 45870 | E9: 28000 | F9: 12 | G9: 50000 | H9: =IFERROR(VLOOKUP(A9,F_Tabelle,10,FALSE),"") | I9: =IF(F9=0,"",EDATE(D9,F9)) | J9: =IF(I9="","",I9-TODAY()) | K9: =IF(G9=0,"",E9+G9) | L9: =IF(OR(K9="",H9=""),"",K9-H9) | M9: =IF(AND(J9="",L9=""),"",IF(OR(AND(J9<>"",J9<0),AND(L9<>"",L9<0)),"🔴 Überfällig",IF(OR(AND(J9<>"",J9<=30),AND(L9<>"",L9<=1000)),"🟡 Bald fällig","🟢 OK"))) | N9: Ford-Service
A10: B-AH 7800 | B10: LKW | C10: SP (Sicherheitsprüfung) | D10: 46021 | E10: 500000 | F10: 6 | G10: 0 | H10: =IFERROR(VLOOKUP(A10,F_Tabelle,10,FALSE),"") | I10: =IF(F10=0,"",EDATE(D10,F10)) | J10: =IF(I10="","",I10-TODAY()) | K10: =IF(G10=0,"",E10+G10) | L10: =IF(OR(K10="",H10=""),"",K10-H10) | M10: =IF(AND(J10="",L10=""),"",IF(OR(AND(J10<>"",J10<0),AND(L10<>"",L10<0)),"🔴 Überfällig",IF(OR(AND(J10<>"",J10<=30),AND(L10<>"",L10<=1000)),"🟡 Bald fällig","🟢 OK"))) | N10: DEKRA
A11: B-AH 7800 | B11: LKW | C11: Inspektion | D11: 46037 | E11: 505000 | F11: 6 | G11: 60000 | H11: =IFERROR(VLOOKUP(A11,F_Tabelle,10,FALSE),"") | I11: =IF(F11=0,"",EDATE(D11,F11)) | J11: =IF(I11="","",I11-TODAY()) | K11: =IF(G11=0,"",E11+G11) | L11: =IF(OR(K11="",H11=""),"",K11-H11) | M11: =IF(AND(J11="",L11=""),"",IF(OR(AND(J11<>"",J11<0),AND(L11<>"",L11<0)),"🔴 Überfällig",IF(OR(AND(J11<>"",J11<=30),AND(L11<>"",L11<=1000)),"🟡 Bald fällig","🟢 OK"))) | N11: MAN-Service
A12: B-AH 7801 | B12: LKW | C12: HU/AU (TÜV) | D12: 45981 | E12: 295000 | F12: 12 | G12: 0 | H12: =IFERROR(VLOOKUP(A12,F_Tabelle,10,FALSE),"") | I12: =IF(F12=0,"",EDATE(D12,F12)) | J12: =IF(I12="","",I12-TODAY()) | K12: =IF(G12=0,"",E12+G12) | L12: =IF(OR(K12="",H12=""),"",K12-H12) | M12: =IF(AND(J12="",L12=""),"",IF(OR(AND(J12<>"",J12<0),AND(L12<>"",L12<0)),"🔴 Überfällig",IF(OR(AND(J12<>"",J12<=30),AND(L12<>"",L12<=1000)),"🟡 Bald fällig","🟢 OK"))) | N12: DEKRA
A13: B-AH 7801 | B13: LKW | C13: Tachograph | D13: 45616 | E13: 280000 | F13: 24 | G13: 0 | H13: =IFERROR(VLOOKUP(A13,F_Tabelle,10,FALSE),"") | I13: =IF(F13=0,"",EDATE(D13,F13)) | J13: =IF(I13="","",I13-TODAY()) | K13: =IF(G13=0,"",E13+G13) | L13: =IF(OR(K13="",H13=""),"",K13-H13) | M13: =IF(AND(J13="",L13=""),"",IF(OR(AND(J13<>"",J13<0),AND(L13<>"",L13<0)),"🔴 Überfällig",IF(OR(AND(J13<>"",J13<=30),AND(L13<>"",L13<=1000)),"🟡 Bald fällig","🟢 OK"))) | N13: Fachbetrieb
H14: =IFERROR(VLOOKUP(A14,F_Tabelle,10,FALSE),"") | I14: =IF(OR(D14="",F14=""),"",IF(F14=0,"",EDATE(D14,F14))) | J14: =IF(I14="","",I14-TODAY()) | K14: =IF(OR(E14="",G14=""),"",IF(G14=0,"",E14+G14)) | L14: =IF(OR(K14="",H14=""),"",K14-H14) | M14: =IF(AND(J14="",L14=""),"",IF(OR(AND(J14<>"",J14<0),AND(L14<>"",L14<0)),"🔴 Überfällig",IF(OR(AND(J14<>"",J14<=30),AND(L14<>"",L14<=1000)),"🟡 Bald fällig","🟢 OK")))
H15: =IFERROR(VLOOKUP(A15,F_Tabelle,10,FALSE),"") | I15: =IF(OR(D15="",F15=""),"",IF(F15=0,"",EDATE(D15,F15))) | J15: =IF(I15="","",I15-TODAY()) | K15: =IF(OR(E15="",G15=""),"",IF(G15=0,"",E15+G15)) | L15: =IF(OR(K15="",H15=""),"",K15-H15) | M15: =IF(AND(J15="",L15=""),"",IF(OR(AND(J15<>"",J15<0),AND(L15<>"",L15<0)),"🔴 Überfällig",IF(OR(AND(J15<>"",J15<=30),AND(L15<>"",L15<=1000)),"🟡 Bald fällig","🟢 OK")))
H16: =IFERROR(VLOOKUP(A16,F_Tabelle,10,FALSE),"") | I16: =IF(OR(D16="",F16=""),"",IF(F16=0,"",EDATE(D16,F16))) | J16: =IF(I16="","",I16-TODAY()) | K16: =IF(OR(E16="",G16=""),"",IF(G16=0,"",E16+G16)) | L16: =IF(OR(K16="",H16=""),"",K16-H16) | M16: =IF(AND(J16="",L16=""),"",IF(OR(AND(J16<>"",J16<0),AND(L16<>"",L16<0)),"🔴 Überfällig",IF(OR(AND(J16<>"",J16<=30),AND(L16<>"",L16<=1000)),"🟡 Bald fällig","🟢 OK")))
H17: =IFERROR(VLOOKUP(A17,F_Tabelle,10,FALSE),"") | I17: =IF(OR(D17="",F17=""),"",IF(F17=0,"",EDATE(D17,F17))) | J17: =IF(I17="","",I17-TODAY()) | K17: =IF(OR(E17="",G17=""),"",IF(G17=0,"",E17+G17)) | L17: =IF(OR(K17="",H17=""),"",K17-H17) | M17: =IF(AND(J17="",L17=""),"",IF(OR(AND(J17<>"",J17<0),AND(L17<>"",L17<0)),"🔴 Überfällig",IF(OR(AND(J17<>"",J17<=30),AND(L17<>"",L17<=1000)),"🟡 Bald fällig","🟢 OK")))
H18: =IFERROR(VLOOKUP(A18,F_Tabelle,10,FALSE),"") | I18: =IF(OR(D18="",F18=""),"",IF(F18=0,"",EDATE(D18,F18))) | J18: =IF(I18="","",I18-TODAY()) | K18: =IF(OR(E18="",G18=""),"",IF(G18=0,"",E18+G18)) | L18: =IF(OR(K18="",H18=""),"",K18-H18) | M18: =IF(AND(J18="",L18=""),"",IF(OR(AND(J18<>"",J18<0),AND(L18<>"",L18<0)),"🔴 Überfällig",IF(OR(AND(J18<>"",J18<=30),AND(L18<>"",L18<=1000)),"🟡 Bald fällig","🟢 OK")))
H19: =IFERROR(VLOOKUP(A19,F_Tabelle,10,FALSE),"") | I19: =IF(OR(D19="",F19=""),"",IF(F19=0,"",EDATE(D19,F19))) | J19: =IF(I19="","",I19-TODAY()) | K19: =IF(OR(E19="",G19=""),"",IF(G19=0,"",E19+G19)) | L19: =IF(OR(K19="",H19=""),"",K19-H19) | M19: =IF(AND(J19="",L19=""),"",IF(OR(AND(J19<>"",J19<0),AND(L19<>"",L19<0)),"🔴 Überfällig",IF(OR(AND(J19<>"",J19<=30),AND(L19<>"",L19<=1000)),"🟡 Bald fällig","🟢 OK")))
H20: =IFERROR(VLOOKUP(A20,F_Tabelle,10,FALSE),"") | I20: =IF(OR(D20="",F20=""),"",IF(F20=0,"",EDATE(D20,F20))) | J20: =IF(I20="","",I20-TODAY()) | K20: =IF(OR(E20="",G20=""),"",IF(G20=0,"",E20+G20)) | L20: =IF(OR(K20="",H20=""),"",K20-H20) | M20: =IF(AND(J20="",L20=""),"",IF(OR(AND(J20<>"",J20<0),AND(L20<>"",L20<0)),"🔴 Überfällig",IF(OR(AND(J20<>"",J20<=30),AND(L20<>"",L20<=1000)),"🟡 Bald fällig","🟢 OK")))
H21: =IFERROR(VLOOKUP(A21,F_Tabelle,10,FALSE),"") | I21: =IF(OR(D21="",F21=""),"",IF(F21=0,"",EDATE(D21,F21))) | J21: =IF(I21="","",I21-TODAY()) | K21: =IF(OR(E21="",G21=""),"",IF(G21=0,"",E21+G21)) | L21: =IF(OR(K21="",H21=""),"",K21-H21) | M21: =IF(AND(J21="",L21=""),"",IF(OR(AND(J21<>"",J21<0),AND(L21<>"",L21<0)),"🔴 Überfällig",IF(OR(AND(J21<>"",J21<=30),AND(L21<>"",L21<=1000)),"🟡 Bald fällig","🟢 OK")))
H22: =IFERROR(VLOOKUP(A22,F_Tabelle,10,FALSE),"") | I22: =IF(OR(D22="",F22=""),"",IF(F22=0,"",EDATE(D22,F22))) | J22: =IF(I22="","",I22-TODAY()) | K22: =IF(OR(E22="",G22=""),"",IF(G22=0,"",E22+G22)) | L22: =IF(OR(K22="",H22=""),"",K22-H22) | M22: =IF(AND(J22="",L22=""),"",IF(OR(AND(J22<>"",J22<0),AND(L22<>"",L22<0)),"🔴 Überfällig",IF(OR(AND(J22<>"",J22<=30),AND(L22<>"",L22<=1000)),"🟡 Bald fällig","🟢 OK")))
H23: =IFERROR(VLOOKUP(A23,F_Tabelle,10,FALSE),"") | I23: =IF(OR(D23="",F23=""),"",IF(F23=0,"",EDATE(D23,F23))) | J23: =IF(I23="","",I23-TODAY()) | K23: =IF(OR(E23="",G23=""),"",IF(G23=0,"",E23+G23)) | L23: =IF(OR(K23="",H23=""),"",K23-H23) | M23: =IF(AND(J23="",L23=""),"",IF(OR(AND(J23<>"",J23<0),AND(L23<>"",L23<0)),"🔴 Überfällig",IF(OR(AND(J23<>"",J23<=30),AND(L23<>"",L23<=1000)),"🟡 Bald fällig","🟢 OK")))
H24: =IFERROR(VLOOKUP(A24,F_Tabelle,10,FALSE),"") | I24: =IF(OR(D24="",F24=""),"",IF(F24=0,"",EDATE(D24,F24))) | J24: =IF(I24="","",I24-TODAY()) | K24: =IF(OR(E24="",G24=""),"",IF(G24=0,"",E24+G24)) | L24: =IF(OR(K24="",H24=""),"",K24-H24) | M24: =IF(AND(J24="",L24=""),"",IF(OR(AND(J24<>"",J24<0),AND(L24<>"",L24<0)),"🔴 Überfällig",IF(OR(AND(J24<>"",J24<=30),AND(L24<>"",L24<=1000)),"🟡 Bald fällig","🟢 OK")))
H25: =IFERROR(VLOOKUP(A25,F_Tabelle,10,FALSE),"") | I25: =IF(OR(D25="",F25=""),"",IF(F25=0,"",EDATE(D25,F25))) | J25: =IF(I25="","",I25-TODAY()) | K25: =IF(OR(E25="",G25=""),"",IF(G25=0,"",E25+G25)) | L25: =IF(OR(K25="",H25=""),"",K25-H25) | M25: =IF(AND(J25="",L25=""),"",IF(OR(AND(J25<>"",J25<0),AND(L25<>"",L25<0)),"🔴 Überfällig",IF(OR(AND(J25<>"",J25<=30),AND(L25<>"",L25<=1000)),"🟡 Bald fällig","🟢 OK")))
... H300: =IFERROR(VLOOKUP(A300,F_Tabelle,10,FALSE),"") | I300: =IF(OR(D300="",F300=""),"",IF(F300=0,"",EDATE(D300,F300))) | J300: =IF(I300="","",I300-TODAY()) | K300: =IF(OR(E300="",G300=""),"",IF(G300=0,"",E300+G300)) | L300: =IF(OR(K300="",H300=""),"",K300-H300) | M300: =IF(AND(J300="",L300=""),"",IF(OR(AND(J300<>"",J300<0),AND(L300<>"",L300<0)),"🔴 Überfällig",IF(OR(AND(J300<>"",J300<=30),AND(L300<>"",L300<=1000)),"🟡 Bald fällig","🟢 OK")))

Sheet Wartungshistorie
A1: WARTUNGSHISTORIE / PROTOKOLL
A2: Jede durchgeführte Arbeit dokumentieren – Grundlage der Kostenauswertung.
A3: Datum | B3: Kennzeichen | C3: Fahrzeugtyp | D3: Wartungsart | E3: Kostenkategorie | F3: km-Stand | G3: Werkstatt | H3: Beschreibung | I3: Kosten (€) | J3: Rechnungs-Nr. | K3: erledigt von
A4: 45920 | B4: B-AH 1001 | C4: PKW | D4: Inspektion | E4: Wartung | F4: 52000 | G4: Werkstatt Müller | H4: Jahresinspektion inkl. Ölwechsel | I4: 389.9 | J4: RE-2025-0912 | K4: Müller
A5: 45971 | B5: B-AH 2050 | C5: Transporter | D5: Inspektion | E5: Wartung | F5: 130000 | G5: MB-Service | H5: Großer Service B | I5: 712.5 | J5: RE-2025-1188 | K5: MB
A6: 45992 | B6: B-AH 1002 | C6: PKW | D6: Ölwechsel | E6: Wartung | F6: 48000 | G6: Werkstatt Müller | H6: Ölwechsel + Filter | I6: 129 | J6: RE-2025-1290 | K6: Müller
A7: 46021 | B7: B-AH 7800 | C7: LKW | D7: SP (Sicherheitsprüfung) | E7: TÜV/HU | F7: 500000 | G7: DEKRA | H7: Sicherheitsprüfung bestanden | I7: 185 | J7: DK-558821 | K7: DEKRA
A8: 46037 | B8: B-AH 7800 | C8: LKW | D8: Inspektion | E8: Wartung | F8: 505000 | G8: MAN-Service | H8: Service inkl. Bremsen vorne | I8: 1450.8 | J8: RE-2026-0042 | K8: MAN
A9: 46056 | B9: B-AH 2051 | C9: Transporter | D9: Reifenwechsel | E9: Reifen | F9: 37000 | G9: Reifen Schmidt | H9: 4x Winterreifen demontiert | I9: 95 | J9: RE-2026-0061 | K9: Schmidt
A10: 46093 | B10: B-AH 7801 | C10: LKW | D10: Reparatur | E10: Reparatur | F10: 302000 | G10: Volvo-Service | H10: Turbolader getauscht | I10: 3280 | J10: RE-2026-0233 | K10: Volvo

Sheet Kostenübersicht
A1: KOSTENÜBERSICHT & AUSWERTUNG
A2: Speist sich automatisch aus der Wartungshistorie.
B3: Kosten je Fahrzeug | F3: Kosten je Kategorie | I3: Kennzahlen
B4: Kennzeichen | C4: Anzahl Einträge | D4: Summe (€) | F4: Kategorie | G4: Summe (€)
B5: B-AH 1001 | C5: =COUNTIF(H_Kennz,B5) | D5: =SUMIF(H_Kennz,B5,H_Kosten) | F5: Wartung | G5: =SUMIF(H_Kat,F5,H_Kosten) | I5: Fahrzeuge gesamt | J5: =COUNTA(F_Kennz)-COUNTBLANK(F_Kennz)
B6: B-AH 1002 | C6: =COUNTIF(H_Kennz,B6) | D6: =SUMIF(H_Kennz,B6,H_Kosten) | F6: Reparatur | G6: =SUMIF(H_Kat,F6,H_Kosten) | I6: Gesamtkosten (€) | J6: =SUM(H_Kosten)
B7: B-AH 2050 | C7: =COUNTIF(H_Kennz,B7) | D7: =SUMIF(H_Kennz,B7,H_Kosten) | F7: Reifen | G7: =SUMIF(H_Kat,F7,H_Kosten) | I7: Ø Kosten / Fahrzeug | J7: =IFERROR(SUM(H_Kosten)/(COUNTA(F_Kennz)-COUNTBLANK(F_Kennz)),0)
B8: B-AH 2051 | C8: =COUNTIF(H_Kennz,B8) | D8: =SUMIF(H_Kennz,B8,H_Kosten) | F8: TÜV/HU | G8: =SUMIF(H_Kat,F8,H_Kosten) | I8: Einträge Historie | J8: =COUNTA(H_Datum)-COUNTBLANK(H_Datum)
B9: B-AH 7800 | C9: =COUNTIF(H_Kennz,B9) | D9: =SUMIF(H_Kennz,B9,H_Kosten) | F9: Versicherung | G9: =SUMIF(H_Kat,F9,H_Kosten) | I9: Überfällige Wartungen | J9: =COUNTIF(Wartungsplan!$M$4:$M$300,"*🔴*")
B10: B-AH 7801 | C10: =COUNTIF(H_Kennz,B10) | D10: =SUMIF(H_Kennz,B10,H_Kosten) | F10: Kraftstoff | G10: =SUMIF(H_Kat,F10,H_Kosten) | I10: Bald fällige Wartungen | J10: =COUNTIF(Wartungsplan!$M$4:$M$300,"*🟡*")
B11: GESAMT | C11: =SUM(C5:C10) | D11: =SUM(D5:D10) | F11: Steuer | G11: =SUMIF(H_Kat,F11,H_Kosten)
F12: Sonstiges | G12: =SUMIF(H_Kat,F12,H_Kosten)

Sheet Intervall-Vorlagen
A1: EMPFOHLENE WARTUNGSINTERVALLE
A2: Richtwerte – Herstellerangaben haben Vorrang. Als Nachschlagewerk gedacht.
A3: Fahrzeugtyp | B3: Wartungsart | C3: Intervall (Monate) | D3: Intervall (km) | E3: Hinweis
A4: PKW | B4: Inspektion | C4: 12 | D4: 30000 | E4: Jährlich oder nach km – je nach was zuerst eintritt.
A5: PKW | B5: Ölwechsel | C5: 12 | D5: 15000 | E5: Longlife-Öl bis 30.000 km möglich.
A6: PKW | B6: HU/AU (TÜV) | C6: 24 | D6: 0 | E6: Neuwagen erst nach 36 Monaten, danach alle 24 Monate.
A7: PKW | B7: Reifenwechsel | C7: 6 | D7: 0 | E7: Sommer/Winter – O-bis-O-Regel (Oktober bis Ostern).
A8: PKW | B8: Bremsen | C8: 24 | D8: 40000 | E8: Beläge & Scheiben prüfen; Bremsflüssigkeit alle 2 Jahre.
A9: PKW | B9: Zahnriemen | C9: 0 | D9: 90000 | E9: Modellabhängig 60.000–120.000 km – Herstellerangabe!
A10: PKW | B10: Klimaservice | C10: 24 | D10: 0 | E10: Kältemittel & Filter, Desinfektion empfohlen.
A11: Transporter | B11: Inspektion | C11: 12 | D11: 40000 | E11: Bei hoher Last häufiger.
A12: Transporter | B12: Ölwechsel | C12: 12 | D12: 30000
A13: Transporter | B13: HU/AU (TÜV) | C13: 12 | D13: 0 | E13: Nutzfahrzeuge meist jährlich.
A14: Transporter | B14: Bremsen | C14: 12 | D14: 50000 | E14: Höherer Verschleiß durch Beladung.
A15: Transporter | B15: Reifenwechsel | C15: 6 | D15: 0
A16: LKW | B16: Inspektion | C16: 6 | D16: 60000 | E16: Je nach Einsatz & Hersteller; oft km-getrieben.
A17: LKW | B17: Ölwechsel | C17: 12 | D17: 80000 | E17: Long-Drain-Öle beachten.
A18: LKW | B18: HU (TÜV) | C18: 12 | D18: 0 | E18: Jährliche Hauptuntersuchung.
A19: LKW | B19: SP (Sicherheitsprüfung) | C19: 6 | D19: 0 | E19: Zusätzlich zur HU, alle 6 Monate (ab 7,5 t).
A20: LKW | B20: Tachograph | C20: 24 | D20: 0 | E20: Prüfpflicht alle 2 Jahre (digitaler Tacho).
A21: LKW | B21: Bremsen | C21: 6 | D21: 80000 | E21: Sicherheitskritisch – regelmäßig prüfen.
A22: LKW | B22: Reifenwechsel | C22: 0 | D22: 80000 | E22: Profil & Druck wöchentlich kontrollieren.

Sheet Listen
A1: AUSWAHLLISTEN (für Dropdown-Menüs)
A2: Bei Bedarf erweitern – die Dropdowns aktualisieren sich automatisch.
A3: Fahrzeugtyp | B3: Wartungsart | C3: Status | D3: Kostenkategorie | E3: Kraftstoff
A4: PKW | B4: Inspektion | C4: Aktiv | D4: Wartung | E4: Diesel
A5: Transporter | B5: Ölwechsel | C5: In Werkstatt | D5: Reparatur | E5: Benzin
A6: LKW | B6: HU/AU (TÜV) | C6: Stillgelegt | D6: Reifen | E6: Elektro
A7: Anhänger | B7: Reifenwechsel | C7: Verkauft | D7: TÜV/HU | E7: Hybrid
A8: Sonstiges | B8: Bremsen | D8: Versicherung | E8: LPG/CNG
B9: Zahnriemen | D9: Kraftstoff | E9: Wasserstoff
B10: Klimaservice | D10: Steuer
B11: Batterie | D11: Sonstiges
B12: Kühlmittel
B13: Filterwechsel
B14: SP (Sicherheitsprüfung)
B15: Tachograph
B16: Sonstiges
